Date,Tournament,Surface,Rd,Rk,vRk,Unnamed: 6,Score,DR,A%,DF%,1stIn,1st%,2nd%,BPSaved,Time
29‑May‑2023,Roland Garros,Clay,R64,19.0,58.0,Yulia Putintseva [KAZ] d. Zheng,6-3 4-6 6-2,,,,,,,,
29‑May‑2023,Roland Garros,Clay,R128,19.0,112.0,Zheng d. Tamara Zidansek [SLO],6-3 6-1,,,,,,,,
8‑May‑2023,Rome,Clay,QF,21.0,12.0,(11)Veronika Kudermetova [RUS] d. (22)Zheng,3-6 6-3 6-4,0.89,6.7%,5.6%,51.1%,71.7%,40.9%,42.9% (3/7),2:31
8‑May‑2023,Rome,Clay,R16,21.0,75.0,(22)Zheng d. Xiyu Wang [CHN],6-4 3-6 6-1,1.19,4.1%,8.2%,59.2%,75.9%,42.5%,71.4% (5/7),2:30
8‑May‑2023,Rome,Clay,R32,21.0,93.0,(22)Zheng d. (Q)Anna Bondar [HUN],7-6(2) 6-4,1.2,5.1%,5.1%,62.8%,63.3%,48.3%,42.9% (3/7),2:07
8‑May‑2023,Rome,Clay,R64,21.0,64.0,(22)Zheng d. Alize Cornet [FRA],6-3 7-6(2),1.41,7.0%,4.2%,60.6%,74.4%,53.6%,60.0% (3/5),2:07
24‑Apr‑2023,Madrid,Clay,R32,24.0,17.0,(16)Ekaterina Alexandrova [RUS] d. (22)Zheng,5-7 6-4 6-2,0.88,10.5%,7.4%,44.2%,71.4%,47.2%,61.5% (8/13),2:33
24‑Apr‑2023,Madrid,Clay,R64,24.0,69.0,(22)Zheng d. Caty Mcnally [USA],6-4 7-6(3),1.17,9.3%,5.3%,54.7%,65.9%,52.9%,62.5% (5/8),2:16
17‑Apr‑2023,Stuttgart,Clay,R16,25.0,1.0,(1)Iga Swiatek [POL] d. Zheng,6-1 6-4 (ch),0.62,3.8%,5.8%,46.2%,58.3%,42.9%,50.0% (4/8),1:26
17‑Apr‑2023,Stuttgart,Clay,R32,25.0,55.0,Zheng d. (LL)Alycia Parks [USA],6-4 6-4,1.32,6.7%,3.3%,50.0%,86.7%,53.3%,100.0% (1/1),1:41
20‑Mar‑2023,Miami,Hard,R16,23.0,26.0,(27)Anastasia Potapova [RUS] d. (23)Zheng,6-4 7-6(4) (ch),1.02,13.8%,3.1%,53.8%,71.4%,46.7%,20.0% (1/5),1:40
20‑Mar‑2023,Miami,Hard,R32,23.0,15.0,(23)Zheng d. (12)Liudmila Samsonova [RUS],5-7 7-6(5) 6-3 (ch),1.16,17.6%,5.9%,60.8%,77.4%,45.0%,66.7% (6/9),3:07
20‑Mar‑2023,Miami,Hard,R64,23.0,34.0,(23)Zheng d. Irina Camelia Begu [ROU],2-6 6-1 6-1,1.19,5.3%,7.9%,44.7%,76.5%,50.0%,80.0% (8/10),2:03
20‑Feb‑2023,Dubai,Hard,R32,24.0,13.0,(14)Liudmila Samsonova [RUS] d. Zheng,W/O,,,,,,,,
20‑Feb‑2023,Dubai,Hard,R64,24.0,22.0,Zheng d. Shuai Zhang [CHN],6-3 6-1,1.62,12.5%,12.5%,41.7%,90.0%,42.9%,71.4% (5/7),1:08
13‑Feb‑2023,Doha,Hard,R32,24.0,7.0,(5)Maria Sakkari [GRE] d. Zheng,6-2 3-6 6-3,0.72,8.0%,4.6%,51.7%,60.0%,52.4%,42.9% (3/7),2:09
6‑Feb‑2023,Abu Dhabi,Hard,SF,29.0,19.0,(8)Liudmila Samsonova [RUS] d. Zheng,6-4 1-6 6-4,0.92,15.5%,3.1%,55.7%,72.2%,51.2%,71.4% (5/7),2:19
6‑Feb‑2023,Abu Dhabi,Hard,QF,29.0,8.0,Zheng d. (1)Daria Kasatkina [RUS],6-1 6-2,1.85,7.8%,0.0%,60.8%,80.6%,60.0%,100.0% (4/4),1:18
6‑Feb‑2023,Abu Dhabi,Hard,R16,29.0,12.0,Zheng d. (5)Jelena Ostapenko [LAT],7-6(10) 6-1,1.09,12.5%,5.0%,53.8%,74.4%,40.5%,60.0% (3/5),1:58
6‑Feb‑2023,Abu Dhabi,Hard,R32,29.0,74.0,Zheng d. (Q)Rebecca Marino [CAN],6-3 6-3,1.77,19.6%,2.0%,54.9%,89.3%,60.9%,100.0% (1/1),1:18
16‑Jan‑2023,Australian Open,Hard,R64,28.0,41.0,Bernarda Pera [USA] d. (29)Zheng,6-4 6-4,0.88,14.8%,5.6%,57.4%,80.6%,34.8%,40.0% (2/5),1:28
16‑Jan‑2023,Australian Open,Hard,R128,28.0,88.0,(29)Zheng d. Dalma Galfi [HUN],6-0 6-2,1.73,7.3%,4.9%,56.1%,78.3%,44.4%,75.0% (3/4),0:56
9‑Jan‑2023,Adelaide 2,Hard,R16,30.0,16.0,(12)Petra Kvitova [CZE] d. (Q)Zheng,7-6(6) RET,0.95,12.5%,5.0%,42.5%,82.4%,30.4%,33.3% (1/3),1:11
9‑Jan‑2023,Adelaide 2,Hard,R32,30.0,53.0,(Q)Zheng d. (LL)Shelby Rogers [USA],4-6 6-4 6-0,1.18,9.9%,6.6%,52.7%,70.8%,51.2%,80.0% (8/10),2:24
9‑Jan‑2023,Adelaide 2,Hard,Q2,30.0,45.0,(3)Zheng d. (9)Anastasia Potapova [RUS],6-7(3) 7-5 7-6(4),1.07,5.4%,8.2%,53.1%,74.4%,39.1%,72.2% (13/18),3:36
9‑Jan‑2023,Adelaide 2,Hard,Q1,30.0,955.0,(3)Zheng d. (WC)Mia Repac [AUS],6-0 6-0,2.15,10.8%,8.1%,35.1%,92.3%,58.3%,100.0% (1/1),1:01
2‑Jan‑2023,Adelaide 1,Hard,R16,28.0,26.0,Victoria Azarenka [BLR] d. Zheng,6-2 7-5,0.66,13.5%,2.7%,54.1%,70.0%,38.2%,63.6% (7/11),1:39
2‑Jan‑2023,Adelaide 1,Hard,R32,28.0,17.0,Zheng d. (6)Anett Kontaveit [EST],6-1 4-6 7-6(7),1.1,5.7%,0.9%,60.4%,76.6%,50.0%,75.0% (6/8),2:27
12‑Nov‑2022,BJK Cup Playoffs: CHN vs SLO,Clay,RR,25.0,88.0,Kaja Juvan [SLO] d. Zheng,2-6 7-6(6) 6-3,,,,,,,,
12‑Nov‑2022,BJK Cup Playoffs: CHN vs SLO,Clay,RR,25.0,270.0,Zheng d. Nina Potocnik [SLO],7-6(4) 6-3,,,,,,,,
10‑Oct‑2022,San Diego,Hard,R16,28.0,1.0,(1)Iga Swiatek [POL] d. (LL)Zheng,6-4 4-6 6-1 (ch),0.72,9.4%,8.3%,55.2%,71.7%,41.9%,66.7% (8/12),2:18
10‑Oct‑2022,San Diego,Hard,R32,28.0,13.0,(LL)Zheng d. Garbine Muguruza [ESP],5-0 RET,2.0,9.1%,9.1%,40.9%,88.9%,46.2%,100.0% (3/3),0:27
10‑Oct‑2022,San Diego,Hard,Q2,28.0,73.0,(11)Camila Osorio [COL] d. (3)Zheng,4-6 6-4 7-6(3),0.95,2.6%,6.8%,52.1%,60.7%,39.3%,41.7% (5/12),3:03
10‑Oct‑2022,San Diego,Hard,Q1,28.0,79.0,(3)Zheng d. Rebecca Marino [CAN],6-1 6-1,1.75,18.8%,2.1%,64.6%,83.9%,41.2%,100.0% (2/2),1:00
19‑Sep‑2022,Tokyo,Hard,F,36.0,30.0,Liudmila Samsonova [RUS] d. Zheng,7-5 7-5 (ch),0.82,11.3%,7.5%,53.8%,79.1%,40.5%,57.1% (4/7),2:06
19‑Sep‑2022,Tokyo,Hard,SF,36.0,13.0,Zheng d. (4)Veronika Kudermetova [RUS],5-7 6-3 7-6(3),0.89,6.3%,4.0%,53.2%,77.6%,49.2%,80.0% (8/10),3:04
19‑Sep‑2022,Tokyo,Hard,QF,36.0,84.0,Zheng d. Claire Liu [USA],6-4 7-5 (ch),1.19,10.1%,4.3%,56.5%,82.1%,40.0%,66.7% (4/6),2:03
19‑Sep‑2022,Tokyo,Hard,R16,36.0,4.0,Zheng d. (1)Paula Badosa [ESP],6-3 6-2 (ch),1.44,13.7%,7.8%,64.7%,81.8%,38.9%,50.0% (1/2),1:18
19‑Sep‑2022,Tokyo,Hard,R32,36.0,107.0,Zheng d. Misaki Doi [JPN],6-2 6-4,1.56,11.3%,5.7%,60.4%,78.1%,52.4%,75.0% (3/4),1:20
29‑Aug‑2022,US Open,Hard,R32,39.0,108.0,Jule Niemeier [GER] d. Zheng,6-4 7-6(5),0.91,8.2%,8.2%,45.2%,75.8%,50.0%,72.7% (8/11),1:50
29‑Aug‑2022,US Open,Hard,R64,39.0,52.0,Zheng d. Anastasia Potapova [RUS],7-6(4) 7-6(3),1.08,13.6%,3.7%,56.8%,82.6%,48.6%,60.0% (3/5),1:49
29‑Aug‑2022,US Open,Hard,R128,39.0,16.0,Zheng d. (16)Jelena Ostapenko [LAT],6-3 3-6 6-4,1.09,27.3%,6.5%,62.3%,70.8%,37.9%,50.0% (5/10),2:00
8‑Aug‑2022,Toronto,Hard,QF,51.0,14.0,(14)Karolina Pliskova [CZE] d. Zheng,4-6 6-4 6-4,1.02,6.3%,8.4%,50.5%,66.7%,51.1%,37.5% (3/8),2:34
8‑Aug‑2022,Toronto,Hard,R16,51.0,53.0,Zheng d. Bianca Andreescu [CAN],7-5 5-7 6-2 (ch),1.2,8.3%,7.3%,43.8%,73.8%,53.7%,60.0% (6/10),2:58
8‑Aug‑2022,Toronto,Hard,R32,51.0,5.0,Zheng d. (5)Ons Jabeur [TUN],6-1 2-1 RET,1.64,8.6%,5.7%,45.7%,81.3%,57.9%,- (0/0),0:56
8‑Aug‑2022,Toronto,Hard,R64,51.0,96.0,Zheng d. (WC)Rebecca Marino [CAN],3-6 7-6(5) 6-4,1.09,10.4%,6.3%,57.3%,78.2%,48.8%,0.0% (0/2),2:28
1‑Aug‑2022,San Jose,Hard,R32,51.0,41.0,Naomi Osaka [JPN] d. Zheng,6-4 3-6 6-1,1.0,12.4%,2.2%,48.3%,81.4%,50.0%,87.5% (7/8),2:02
27‑Jun‑2022,Wimbledon,Grass,R32,52.0,23.0,(17)Elena Rybakina [KAZ] d. Zheng,7-6(4) 7-5 (ch),0.86,6.8%,13.5%,44.6%,78.8%,41.5%,25.0% (1/4),1:50
27‑Jun‑2022,Wimbledon,Grass,R64,52.0,88.0,Zheng d. Greet Minnen [BEL],6-4 6-1,1.53,14.8%,5.6%,63.0%,76.5%,50.0%,66.7% (2/3),1:15
27‑Jun‑2022,Wimbledon,Grass,R128,52.0,48.0,Zheng d. Sloane Stephens [USA],7-6(1) 7-5,1.23,9.2%,11.8%,53.9%,80.5%,51.4%,66.7% (4/6),1:43
20‑Jun‑2022,Eastbourne,Grass,R64,53.0,92.0,Magdalena Frech [POL] d. Zheng,6-3 6-0 (ch),0.64,4.9%,8.2%,49.2%,66.7%,25.8%,66.7% (10/15),1:20
13‑Jun‑2022,Berlin,Grass,R32,46.0,169.0,(Q)Alycia Parks [USA] d. Zheng,6-3 7-6(4),1.04,4.7%,9.4%,53.1%,70.6%,60.0%,83.3% (5/6),1:48
6‑Jun‑2022,Valencia 125,Clay,F,54.0,111.0,(3)Zheng d. Xiyu Wang [CHN],6-4 4-6 6-3,1.07,2.1%,8.2%,54.6%,71.7%,43.2%,42.9% (3/7),2:34
6‑Jun‑2022,Valencia 125,Clay,SF,54.0,51.0,(3)Zheng d. (1)Nuria Parrizas Diaz [ESP],6-3 4-6 7-5,1.07,4.5%,10.7%,51.8%,63.8%,40.7%,66.7% (12/18),2:41
6‑Jun‑2022,Valencia 125,Clay,QF,54.0,138.0,(3)Zheng d. Reka Luca Jani [HUN],7-6(4) 6-0,1.35,4.5%,7.6%,45.5%,80.0%,38.9%,70.0% (7/10),1:30
6‑Jun‑2022,Valencia 125,Clay,R16,54.0,115.0,(3)Zheng d. Irina Bara [ROU],4-6 6-3 6-0,1.38,9.8%,4.9%,45.1%,73.0%,53.3%,62.5% (5/8),2:17
6‑Jun‑2022,Valencia 125,Clay,R32,54.0,194.0,(3)Zheng d. Andrea Lazaro Garcia [ESP],6-4 6-2,1.44,5.8%,11.5%,36.5%,84.2%,48.5%,33.3% (1/3),1:35
23‑May‑2022,Roland Garros,Clay,R16,74.0,1.0,(1)Iga Swiatek [POL] d. Zheng,6-7(5) 6-0 6-2 (ch),0.73,4.3%,5.4%,53.3%,61.2%,30.2%,50.0% (7/14),
23‑May‑2022,Roland Garros,Clay,R32,74.0,40.0,Zheng d. Alize Cornet [FRA],6-0 3-0 RET,2.84,4.8%,0.0%,66.7%,85.7%,57.1%,- (0/0),
23‑May‑2022,Roland Garros,Clay,R64,74.0,19.0,Zheng d. (19)Simona Halep [ROU],2-6 6-2 6-1 (ch),1.2,4.1%,4.1%,50.0%,86.5%,35.1%,40.0% (2/5),
23‑May‑2022,Roland Garros,Clay,R128,74.0,62.0,Zheng d. Maryna Zanevska [BEL],6-3 6-1,2.01,13.3%,6.7%,48.9%,95.5%,52.2%,100.0% (1/1),
28‑Apr‑2022,Madrid,Clay,R64,72.0,67.0,(SR)Karolina Muchova [CZE] d. (WC)Zheng,1-6 6-3 6-4 (ch),0.95,1.1%,4.3%,58.5%,67.3%,46.2%,40.0% (2/5),2:25
4‑Apr‑2022,Charleston,Clay,R32,72.0,54.0,Ekaterina Alexandrova [RUS] d. Zheng,2-6 7-5 5-2 RET,0.87,15.8%,10.0%,55.0%,74.2%,37.0%,81.3% (13/16),2:28
4‑Apr‑2022,Charleston,Clay,R64,72.0,36.0,Zheng d. (13)Sloane Stephens [USA],6-3 4-6 6-0,1.24,4.1%,8.2%,45.2%,84.8%,40.0%,40.0% (2/5),2:02
21‑Mar‑2022,Miami,Hard,R128,72.0,63.0,Magda Linette [POL] d. Zheng,7-6(4) 6-4,0.87,4.5%,7.5%,44.8%,70.0%,45.9%,16.7% (1/6),1:49
7‑Mar‑2022,Indian Wells,Hard,R64,74.0,16.0,(15)Angelique Kerber [GER] d. Zheng,6-2 5-7 6-4 (ch),0.89,4.3%,11.7%,45.7%,51.2%,45.1%,46.7% (7/15),2:18
7‑Mar‑2022,Indian Wells,Hard,R128,74.0,114.0,Zheng d. Vera Zvonareva [RUS],6-3 6-2,1.29,4.2%,8.5%,42.3%,76.7%,56.1%,100.0% (9/9),1:28
28‑Feb‑2022,Monterrey,Hard,R16,77.0,21.0,(2)Leylah Fernandez [CAN] d. Zheng,6-1 4-6 7-6(3),0.89,6.5%,9.3%,47.2%,76.5%,49.1%,83.3% (10/12),2:42
28‑Feb‑2022,Monterrey,Hard,R32,77.0,102.0,Zheng d. (LL)Lucia Bronzetti [ITA],6-2 6-3,1.99,21.7%,6.5%,65.2%,90.0%,50.0%,100.0% (4/4),1:21
21‑Feb‑2022,Guadalajara,Hard,R32,77.0,100.0,Anna Kalinskaya [RUS] d. (8)Zheng,6-3 2-6 6-2,0.89,6.3%,12.7%,41.8%,78.8%,39.1%,69.2% (9/13),1:58
24‑Jan‑2022,W60 Orlando FL,Hard,F,108.0,171.0,(2)Zheng d. Christina Mchale [USA],6-0 6-1,,,,,,,,
24‑Jan‑2022,W60 Orlando FL,Hard,SF,108.0,383.0,(2)Zheng d. (WC)Elvina Kalieva [USA],6-0 6-2,,,,,,,,
24‑Jan‑2022,W60 Orlando FL,Hard,QF,108.0,409.0,(2)Zheng d. (Q)Vera Lapko [BLR],6-3 3-0 RET,,,,,,,,
24‑Jan‑2022,W60 Orlando FL,Hard,R16,108.0,257.0,(2)Zheng d. (Q)Catherine Harrison [USA],6-1 6-2,,,,,,,,
24‑Jan‑2022,W60 Orlando FL,Hard,R32,108.0,181.0,(2)Zheng d. Despina Papamichail [GRE],6-4 6-2,,,,,,,,
17‑Jan‑2022,Australian Open,Hard,R64,108.0,8.0,(5)Maria Sakkari [GRE] d. (Q)Zheng,6-1 6-4 (ch),0.67,11.1%,2.8%,61.1%,61.4%,25.0%,44.4% (4/9),1:29
17‑Jan‑2022,Australian Open,Hard,R128,108.0,76.0,(Q)Zheng d. Aliaksandra Sasnovich [BLR],6-3 1-6 7-6(5),1.02,6.3%,10.5%,43.2%,70.7%,46.3%,37.5% (3/8),2:27
17‑Jan‑2022,Australian Open,Hard,Q3,108.0,147.0,(13)Zheng d. (28)Mai Hontama [JPN],6-3 6-7(3) 6-3,1.13,8.5%,6.8%,53.8%,71.4%,51.9%,84.6% (11/13),2:25
17‑Jan‑2022,Australian Open,Hard,Q2,108.0,239.0,(13)Zheng d. Seone Mendez [AUS],6-3 6-2,1.84,21.3%,12.8%,48.9%,82.6%,62.5%,66.7% (2/3),1:06
17‑Jan‑2022,Australian Open,Hard,Q1,108.0,161.0,(13)Zheng d. Coco Vandeweghe [USA],1-6 7-6(5) 6-1,1.0,4.6%,9.2%,51.7%,77.8%,42.9%,50.0% (4/8),1:51
3‑Jan‑2022,Melbourne 1,Hard,SF,126.0,20.0,(2)Simona Halep [ROU] d. (Q)Zheng,6-3 6-2 (ch),,,,,,,,
3‑Jan‑2022,Melbourne 1,Hard,QF,126.0,67.0,(Q)Zheng d. Ana Konjuh [CRO],7-6(1) 7-6(6),,,,,,,,
3‑Jan‑2022,Melbourne 1,Hard,R16,126.0,81.0,(Q)Zheng d. Vera Zvonareva [RUS],5-7 6-3 6-4,1.09,11.7%,8.1%,49.5%,80.0%,41.1%,75.0% (12/16),2:45
3‑Jan‑2022,Melbourne 1,Hard,R32,126.0,150.0,(Q)Zheng d. (LL)Mai Hontama [JPN],4-6 6-2 6-3,1.14,6.8%,9.1%,53.4%,63.8%,46.3%,50.0% (5/10),2:15
3‑Jan‑2022,Melbourne 1,Hard,Q2,126.0,93.0,(11)Zheng d. (3)Bernarda Pera [USA],6-3 1-6 7-5,0.97,7.9%,5.3%,43.4%,75.8%,44.2%,28.6% (2/7),2:01
3‑Jan‑2022,Melbourne 1,Hard,Q1,126.0,133.0,(11)Zheng d. Jule Niemeier [GER],6-4 6-0,1.41,7.5%,10.4%,56.7%,73.7%,37.9%,84.6% (11/13),1:17
22‑Nov‑2021,W100+H Dubai,Hard,QF,144.0,139.0,Anastasia Gasanova [RUS] d. Zheng,6-1 6-3,,,,,,,,
22‑Nov‑2021,W100+H Dubai,Hard,R16,144.0,62.0,Zheng d. (1)Shuai Zhang [CHN],6-7(5) 6-1 6-4,,,,,,,,
22‑Nov‑2021,W100+H Dubai,Hard,R32,144.0,289.0,Zheng d. (Q)Naiktha Bains [GBR],6-1 7-5,,,,,,,,
15‑Nov‑2021,W25 Funchal,Hard,F,143.0,113.0,(4)Zheng d. (2)Martina Trevisan [ITA],6-3 7-5,,,,,,,,
15‑Nov‑2021,W25 Funchal,Hard,SF,143.0,109.0,(4)Zheng d. (1)Kristina Kucova [SVK],6-3 4-6 6-2,,,,,,,,
15‑Nov‑2021,W25 Funchal,Hard,QF,143.0,221.0,(4)Zheng d. (7)Jodie Burrage [GBR],6-4 6-0,,,,,,,,
15‑Nov‑2021,W25 Funchal,Hard,R16,143.0,297.0,(4)Zheng d. Daniela Vismane [LAT],3-6 7-5 6-4,,,,,,,,
15‑Nov‑2021,W25 Funchal,Hard,R32,143.0,236.0,(4)Zheng d. (SR)Katie Swan [GBR],2-6 6-4 6-3,,,,,,,,
1‑Nov‑2021,W60 Nantes,Hard,R32,147.0,433.0,(WC)Audrey Albie [FRA] d. (8)Zheng,7-5 6-3,,,,,,,,
25‑Oct‑2021,Courmayeur,Hard,R32,151.0,97.0,Donna Vekic [CRO] d. (Q)Zheng,7-6(1) 6-2,0.47,9.2%,7.9%,44.7%,82.4%,38.1%,75.0% (6/8),1:37
25‑Oct‑2021,Courmayeur,Hard,Q2,151.0,210.0,(2)Zheng d. (7)Urszula Radwanska [POL],6-2 6-2,1.85,8.9%,4.4%,48.9%,72.7%,65.2%,50.0% (1/2),1:12
25‑Oct‑2021,Courmayeur,Hard,Q1,151.0,290.0,(2)Zheng d. Cristiana Ferrando [ITA],6-3 6-3,1.2,15.4%,7.7%,43.1%,67.9%,51.4%,50.0% (2/4),1:17
18‑Oct‑2021,Moscow,Hard,R32,158.0,145.0,(Q)Lesia Tsurenko [UKR] d. (Q)Zheng,6-4 6-3,0.77,7.1%,5.4%,39.3%,81.8%,38.2%,42.9% (3/7),1:27
18‑Oct‑2021,Moscow,Hard,Q2,158.0,136.0,Zheng d. (3)Irina Bara [ROU],6-0 6-1,2.12,2.9%,5.7%,45.7%,87.5%,57.9%,- (0/0),0:52
18‑Oct‑2021,Moscow,Hard,Q1,158.0,143.0,Zheng d. (7)Anastasia Gasanova [RUS],6-4 6-2,1.34,13.7%,9.8%,64.7%,66.7%,55.6%,66.7% (4/6),1:19
19‑Jul‑2021,Palermo,Clay,R16,171.0,159.0,Jaqueline Cristian [ROU] d. (Q)Zheng,6-1 6-4,0.71,1.7%,15.3%,45.8%,66.7%,40.6%,50.0% (4/8),1:26
19‑Jul‑2021,Palermo,Clay,R32,171.0,54.0,(Q)Zheng d. (2)Liudmila Samsonova [RUS],6-3 6-2,1.3,5.7%,8.6%,47.1%,75.8%,48.6%,90.0% (9/10),1:33
19‑Jul‑2021,Palermo,Clay,Q2,171.0,602.0,(2)Zheng d. (WC)Melania Delai [ITA],6-2 6-1,2.05,14.6%,2.4%,61.0%,76.0%,68.8%,100.0% (1/1),0:57
19‑Jul‑2021,Palermo,Clay,Q1,171.0,441.0,(2)Zheng d. (SR)Louisa Chirico [USA],6-2 6-0,1.84,18.6%,4.7%,65.1%,82.1%,40.0%,50.0% (1/2),1:04
5‑Jul‑2021,W100 Contrexeville,Clay,SF,194.0,125.0,(4)Anhelina Kalinina [UKR] d. (6)Zheng,6-4 6-4,,,,,,,,
5‑Jul‑2021,W100 Contrexeville,Clay,QF,194.0,113.0,(6)Zheng d. (2)Oceane Dodin [FRA],6-2 6-1,,,,,,,,
5‑Jul‑2021,W100 Contrexeville,Clay,R16,194.0,312.0,(6)Zheng d. Yuriko Miyazaki [GBR],7-6(3) 6-2,,,,,,,,
5‑Jul‑2021,W100 Contrexeville,Clay,R32,194.0,356.0,(6)Zheng d. Margot Yerolymos [FRA],7-5 7-6(2),,,,,,,,
28‑Jun‑2021,W60 Montpellier,Clay,SF,194.0,125.0,(3)Anhelina Kalinina [UKR] d. Zheng,6-1 4-6 6-2,,,,,,,,
28‑Jun‑2021,W60 Montpellier,Clay,QF,194.0,113.0,Zheng d. (1)Oceane Dodin [FRA],7-5 6-1,,,,,,,,
28‑Jun‑2021,W60 Montpellier,Clay,R16,194.0,577.0,Zheng d. (Q)Yana Morderger [GER],6-3 6-2,,,,,,,,
28‑Jun‑2021,W60 Montpellier,Clay,R32,194.0,179.0,Zheng d. (8)Grace Min [USA],6-4 6-3,,,,,,,,
14‑Jun‑2021,W60 Stare Splavy,Clay,F,245.0,246.0,Zheng d. Aleksandra Krunic [SRB],7-6(5) 6-3 (ch),,,,,,,,
14‑Jun‑2021,W60 Stare Splavy,Clay,SF,245.0,654.0,Zheng d. (WC)Linda Noskova [CZE],7-5 6-4,,,,,,,,
14‑Jun‑2021,W60 Stare Splavy,Clay,QF,245.0,209.0,Zheng d. Tereza Mrdeza [CRO],7-6(2) 6-2,,,,,,,,
14‑Jun‑2021,W60 Stare Splavy,Clay,R16,245.0,252.0,Zheng d. Victoria Kan [RUS],4-0 RET,,,,,,,,
14‑Jun‑2021,W60 Stare Splavy,Clay,R32,245.0,159.0,Zheng d. (1)Kristina Kucova [SVK],6-0 6-3,,,,,,,,
24‑May‑2021,Strasbourg,Clay,Q1,254.0,580.0,(SR)Karman Thandi [IND] d. (11)Zheng,6-3 4-6 7-6(1),0.91,2.9%,6.7%,54.8%,64.9%,40.4%,60.0% (9/15),2:19
17‑May‑2021,W25 Platja D'Aro,Clay,R16,253.0,723.0,(Q)Rebeka Masarova [ESP] d. (8)Zheng,6-3 6-1,,,,,,,,
17‑May‑2021,W25 Platja D'Aro,Clay,R32,253.0,416.0,(8)Zheng d. (Q)Oana Georgeta Simion [ROU],6-2 7-6(1),,,,,,,,
10‑May‑2021,W60 Saint-Gaudens,Clay,Q2,254.0,578.0,Tayisiya Morderger [GER] d. (2)Zheng,3-6 6-2 10-5,,,,,,,,
10‑May‑2021,W60 Saint-Gaudens,Clay,Q1,254.0,544.0,(2)Zheng d. Ekaterina Makarova [RUS],6-0 6-0,,,,,,,,
25‑Jan‑2021,W60 Andrezieux-Boutheon,Hard,Q1,243.0,203.0,(1)Rebecca Sramkova [SVK] d. Zheng,6-1 2-6 10-6,,,,,,,,
11‑Jan‑2021,W25 Hamburg,Hard,F,287.0,749.0,(Q)Zheng d. (JE)Linda Fruhvirtova [CZE],6-2 6-3,,,,,,,,
11‑Jan‑2021,W25 Hamburg,Hard,F,287.0,749.0,(Q)Zheng d. (JE)Linda Fruhvirtova [CZE],6-2 6-3,,,,,,,,
11‑Jan‑2021,W25 Hamburg,Hard,SF,287.0,303.0,(Q)Zheng d. Jesika Maleckova [CZE],6-4 4-6 6-4,,,,,,,,
11‑Jan‑2021,W25 Hamburg,Hard,SF,287.0,303.0,(Q)Zheng d. Jesika Maleckova [CZE],6-4 4-6 6-4,,,,,,,,
11‑Jan‑2021,W25 Hamburg,Hard,QF,287.0,275.0,(Q)Zheng d. (8)Anna Bondar [HUN],6-2 6-1,,,,,,,,
11‑Jan‑2021,W25 Hamburg,Hard,QF,287.0,275.0,(Q)Zheng d. (8)Anna Bondar [HUN],6-2 6-1,,,,,,,,
11‑Jan‑2021,W25 Hamburg,Hard,R16,287.0,305.0,(Q)Zheng d. Martina Caregaro [ITA],6-2 6-0,,,,,,,,
11‑Jan‑2021,W25 Hamburg,Hard,R16,287.0,305.0,(Q)Zheng d. Martina Caregaro [ITA],6-2 6-0,,,,,,,,
11‑Jan‑2021,W25 Hamburg,Hard,R32,287.0,,(Q)Zheng d. (Q)Ella Seidel [GER],6-1 6-0,,,,,,,,
11‑Jan‑2021,W25 Hamburg,Hard,R32,287.0,,(Q)Zheng d. (Q)Ella Seidel [GER],6-1 6-0,,,,,,,,
11‑Jan‑2021,W25 Hamburg,Hard,Q2,287.0,404.0,(1)Zheng d. (10)Arianne Hartono [NED],3-6 7-5 10-4,,,,,,,,
11‑Jan‑2021,W25 Hamburg,Hard,Q2,287.0,404.0,(1)Zheng d. (10)Arianne Hartono [NED],3-6 7-5 10-4,,,,,,,,
11‑Jan‑2021,W25 Hamburg,Hard,Q1,287.0,496.0,(1)Zheng d. Emiliana Arango [COL],6-4 6-4,,,,,,,,
11‑Jan‑2021,W25 Hamburg,Hard,Q1,287.0,496.0,(1)Zheng d. Emiliana Arango [COL],6-4 6-4,,,,,,,,
14‑Dec‑2020,W25 Selva Gardena,Hard,F,325.0,304.0,(Q)Zheng d. Lea Boskovic [CRO],6-7(0) 6-0 6-3,,,,,,,,
14‑Dec‑2020,W25 Selva Gardena,Hard,SF,325.0,288.0,(Q)Zheng d. Susan Bandecchi [SUI],6-2 6-4,,,,,,,,
14‑Dec‑2020,W25 Selva Gardena,Hard,QF,325.0,327.0,(Q)Zheng d. (Q)Federica Di Sarra [ITA],6-1 6-4,,,,,,,,
14‑Dec‑2020,W25 Selva Gardena,Hard,R16,325.0,270.0,(Q)Zheng d. Kathinka Von Deichmann [LIE],6-3 6-2,,,,,,,,
14‑Dec‑2020,W25 Selva Gardena,Hard,R32,325.0,111.0,(Q)Zheng d. (2)Anna Lena Friedsam [GER],3-6 6-3 6-2,,,,,,,,
14‑Dec‑2020,W25 Selva Gardena,Hard,Q2,325.0,1278.0,(2)Zheng d. (16)Verena Hofer [ITA],6-1 6-0,,,,,,,,
19‑Oct‑2020,W25 Reims,Hard,R32,326.0,124.0,(2)Oceane Dodin [FRA] d. (Q)Zheng,6-3 2-6 6-4,,,,,,,,
19‑Oct‑2020,W25 Reims,Hard,Q2,326.0,222.0,Zheng d. (2)Eva Guerrero Alvarez [ESP],2-6 6-2 10-8,,,,,,,,
19‑Oct‑2020,W25 Reims,Hard,Q1,326.0,274.0,Zheng d. (15)Jodie Burrage [GBR],6-3 6-4,,,,,,,,
12‑Oct‑2020,W25 Cherbourg-en-Cotentin,Hard,Q2,326.0,466.0,Kimberley Zimmermann [BEL] d. (15)Zheng,2-6 6-4 10-7,,,,,,,,
12‑Oct‑2020,W25 Cherbourg-en-Cotentin,Hard,Q1,326.0,647.0,(15)Zheng d. (WC)Manon Arcangioli [FRA],7-5 6-3,,,,,,,,
21‑Sep‑2020,W25 Prerov,Clay,R16,405.0,306.0,Jule Niemeier [GER] d. (Q)Zheng,6-4 6-2,,,,,,,,
21‑Sep‑2020,W25 Prerov,Clay,R32,405.0,228.0,(Q)Zheng d. (2)Marie Benoit [BEL],7-6(1) 6-1,,,,,,,,
21‑Sep‑2020,W25 Prerov,Clay,Q2,405.0,647.0,(8)Zheng d. Polina Leykina [RUS],6-2 0-6 10-6,,,,,,,,
21‑Sep‑2020,W25 Prerov,Clay,Q1,405.0,871.0,(8)Zheng d. Aleksandra Pitak [GBR],6-2 6-1,,,,,,,,
14‑Sep‑2020,W25 Frydek Mistek,Clay,F,410.0,240.0,(Q)Zheng d. (4)Gabriela Lee [ROU],3-6 6-4 6-0,,,,,,,,
14‑Sep‑2020,W25 Frydek Mistek,Clay,SF,410.0,343.0,(Q)Zheng d. Raluka Serban [CYP],6-3 5-7 6-4,,,,,,,,
14‑Sep‑2020,W25 Frydek Mistek,Clay,QF,410.0,408.0,(Q)Zheng d. Johana Markova [CZE],6-3 6-0,,,,,,,,
14‑Sep‑2020,W25 Frydek Mistek,Clay,R16,410.0,330.0,(Q)Zheng d. Katie Volynets [USA],6-1 6-1,,,,,,,,
14‑Sep‑2020,W25 Frydek Mistek,Clay,R32,410.0,221.0,(Q)Zheng d. (2)Victoria Kan [RUS],6-0 6-1,,,,,,,,
14‑Sep‑2020,W25 Frydek Mistek,Clay,Q3,410.0,437.0,(11)Zheng d. (2)Anastasiya Shoshyna [UKR],6-3 6-2,,,,,,,,
14‑Sep‑2020,W25 Frydek Mistek,Clay,Q2,410.0,940.0,(11)Zheng d. Denisa Hindova [CZE],6-4 6-1,,,,,,,,
14‑Sep‑2020,W25 Frydek Mistek,Clay,Q1,410.0,626.0,(11)Zheng d. Aneta Laboutkova [CZE],6-1 6-1,,,,,,,,
7‑Sep‑2020,W25 Prague,Clay,R16,617.0,191.0,(7)Renata Zarazua [MEX] d. (SE)Zheng,6-3 3-6 6-4,,,,,,,,
7‑Sep‑2020,W25 Prague,Clay,R32,617.0,,(SE)Zheng d. (WC)Kristyna Lavickova [CZE],6-4 6-3,,,,,,,,
31‑Aug‑2020,W25 Marbella,Clay,F,617.0,734.0,Zheng d. Alina Charaeva [RUS],4-6 6-4 6-4,,,,,,,,
31‑Aug‑2020,W25 Marbella,Clay,SF,617.0,736.0,Zheng d. Aneta Laboutkova [CZE],6-2 6-1,,,,,,,,
31‑Aug‑2020,W25 Marbella,Clay,QF,617.0,748.0,Zheng d. (Q)Oksana Selekhmeteva [RUS],6-1 6-3,,,,,,,,
31‑Aug‑2020,W25 Marbella,Clay,R16,617.0,655.0,Zheng d. Lexie Stevens [NED],6-3 6-1,,,,,,,,
31‑Aug‑2020,W25 Marbella,Clay,R32,617.0,391.0,Zheng d. (4)Lucrezia Stefanini [ITA],6-2 6-3,,,,,,,,
24‑Aug‑2020,W15 Cordenons,Clay,F,630.0,657.0,Zheng d. (Q)Mira Antonitsch [AUT],6-1 6-0,,,,,,,,
24‑Aug‑2020,W15 Cordenons,Clay,SF,630.0,441.0,Zheng d. (5)Federica Di Sarra [ITA],6-4 7-5,,,,,,,,
24‑Aug‑2020,W15 Cordenons,Clay,QF,630.0,838.0,Zheng d. Melania Delai [ITA],4-6 6-2 6-0,,,,,,,,
24‑Aug‑2020,W15 Cordenons,Clay,R16,630.0,,Zheng d. (WC)Arianna Zucchini [ITA],6-0 6-1,,,,,,,,
24‑Aug‑2020,W15 Cordenons,Clay,R32,630.0,476.0,Zheng d. (6)Claudia Giovine [ITA],7-5 6-0,,,,,,,,
17‑Aug‑2020,W15 Oeiras,Clay,QF,630.0,212.0,(3)Clara Tauson [DEN] d. Zheng,6-0 3-6 6-4,,,,,,,,
17‑Aug‑2020,W15 Oeiras,Clay,R16,630.0,,Zheng d. Sebastianna Scilipoti [SUI],6-2 1-6 6-0,,,,,,,,
17‑Aug‑2020,W15 Oeiras,Clay,R32,630.0,1267.0,Zheng d. Alexandra Vecic [GER],6-4 6-1,,,,,,,,
9‑Mar‑2020,W15+H Amiens,Clay,R16,639.0,1172.0,Zheng d. (LL)Julie Belgraver [FRA],6-1 6-1,,,,,,,,
9‑Mar‑2020,W15+H Amiens,Clay,R32,639.0,405.0,Zheng d. (3)Marina Bassols Ribera [ESP],6-2 7-6(4),,,,,,,,
27‑Jan‑2020,W15 Manacor,Hard,R32,650.0,1045.0,(Q)Mina Hodzic [GER] d. Zheng,6-4 6-4,,,,,,,,
20‑Jan‑2020,W15 Monastir,Hard,QF,650.0,339.0,(2)Jesika Maleckova [CZE] d. Zheng,7-6(4) 6-1,,,,,,,,
20‑Jan‑2020,W15 Monastir,Hard,R16,650.0,615.0,Zheng d. (8)Manon Arcangioli [FRA],6-1 7-5,,,,,,,,
20‑Jan‑2020,W15 Monastir,Hard,R32,650.0,1285.0,Zheng d. (Q)Ferdaous Bahri [TUN],6-0 6-1,,,,,,,,
13‑Jan‑2020,W15 Monastir,Hard,R16,648.0,334.0,(2)Sabina Sharipova [UZB] d. Zheng,6-1 6-4,,,,,,,,
13‑Jan‑2020,W15 Monastir,Hard,R32,648.0,769.0,Zheng d. Bojana Marinkovic [SRB],6-4 6-2,,,,,,,,
7‑Oct‑2019,Tianjin,Hard,Q2,703.0,224.0,Shuyue Ma [CHN] d. Zheng,1-6 6-2 7-5,0.86,7.1%,4.1%,62.2%,60.7%,48.6%,63.6% (7/11),2:27
7‑Oct‑2019,Tianjin,Hard,Q1,703.0,763.0,Zheng d. (WC)Qianhui Tang [CHN],6-4 6-3,1.21,1.4%,6.9%,43.1%,64.5%,51.2%,81.8% (9/11),1:39
23‑Sep‑2019,Wuhan,Hard,Q1,697.0,69.0,(6)Svetlana Kuznetsova [RUS] d. (WC)Zheng,6-2 6-4,0.68,5.2%,3.9%,54.5%,66.7%,34.3%,60.0% (6/10),1:35
5‑Aug‑2019,W25 Chiswick,Hard,R16,725.0,194.0,Pemra Ozgen [TUR] d. Zheng,5-7 6-3 6-4,,,,,,,,
5‑Aug‑2019,W25 Chiswick,Hard,R32,725.0,688.0,Zheng d. (IR)Alice Gillan [GBR],6-3 7-6(5),,,,,,,,
5‑Aug‑2019,W25 Chiswick,Hard,Q2,725.0,,Zheng d. (15)Andre Lukosiute [LTU],6-2 6-4,,,,,,,,
5‑Aug‑2019,W25 Chiswick,Hard,Q1,725.0,,Zheng d. Martina Paladini Jennings [GBR],6-1 6-2,,,,,,,,
29‑Jul‑2019,W25 Woking,Hard,R16,649.0,191.0,Ankita Raina [IND] d. (Q)Zheng,4-6 6-1 6-2,,,,,,,,
29‑Jul‑2019,W25 Woking,Hard,R32,649.0,354.0,(Q)Zheng d. Greta Arn [HUN],6-1 6-4,,,,,,,,
29‑Jul‑2019,W25 Woking,Hard,Q2,649.0,742.0,Zheng d. (9)Arlinda Rushiti [SUI],6-2 6-3,,,,,,,,
29‑Jul‑2019,W25 Woking,Hard,Q1,649.0,,Zheng d. Katie Morris [GBR],6-2 6-4,,,,,,,,
24‑Jun‑2019,W15 Madrid,Hard,SF,724.0,471.0,Ivonne Cavalle Reimers [ESP] d. Zheng,6-4 6-4,,,,,,,,
24‑Jun‑2019,W15 Madrid,Hard,QF,724.0,,Zheng d. (WC)Lidia Moreno Arias [ESP],4-1 RET,,,,,,,,
24‑Jun‑2019,W15 Madrid,Hard,R16,724.0,,Zheng d. (Q)Alicia Herrero Linana [ESP],6-2 6-4,,,,,,,,
24‑Jun‑2019,W15 Madrid,Hard,R32,724.0,717.0,Zheng d. Andrea Ka [FRA],6-2 6-0,,,,,,,,
17‑Jun‑2019,W25 Madrid,Hard,QF,724.0,310.0,(2)Eva Guerrero Alvarez [ESP] d. Zheng,6-1 7-6(4),,,,,,,,
17‑Jun‑2019,W25 Madrid,Hard,R16,724.0,403.0,Zheng d. Marina Bassols Ribera [ESP],6-0 6-4,,,,,,,,
17‑Jun‑2019,W25 Madrid,Hard,R32,724.0,470.0,Zheng d. (IR)Ioana Loredana Rosca [ROU],7-5 7-6(2),,,,,,,,
17‑Jun‑2019,W25 Madrid,Hard,Q2,724.0,,Zheng d. Louise Lampla [FRA],6-4 6-2,,,,,,,,
17‑Jun‑2019,W25 Madrid,Hard,Q1,724.0,,Zheng d. Alba Retortillo Soiras [ESP],6-4 6-1,,,,,,,,
6‑May‑2019,W25 Rome,Clay,R32,751.0,248.0,Jaqueline Cristian [ROU] d. (JE)Zheng,6-3 6-2,,,,,,,,
29‑Apr‑2019,W25 Santa Margherita Di Pula,Clay,R32,771.0,813.0,(IR)Malene Helgo [NOR] d. Zheng,6-2 7-5,,,,,,,,
22‑Apr‑2019,W25 Santa Margherita Di Pula,Clay,R32,771.0,367.0,Ellie Halbauer [USA] d. Zheng,6-1 6-2,,,,,,,,
18‑Mar‑2019,Miami,Hard,Q1,801.0,96.0,(10)Taylor Townsend [USA] d. (WC)Zheng,4-6 7-5 6-4,0.88,5.8%,4.9%,60.2%,59.7%,43.9%,45.5% (5/11),2:16
11‑Mar‑2019,W15 Arcadia CA,Hard,R32,799.0,570.0,Pamela Montez [USA] d. Zheng,0-6 6-1 6-3,,,,,,,,
29‑Oct‑2018,Liuzhou $60K,Hard,R32,948.0,83.0,Yafan Wang [CHN] d. (WC)Zheng,6-4 6-1,,,,,,,,
24‑Sep‑2018,Anning 15K,Clay,QF,994.0,818.0,(8)Zhuoma Ni Ma [CHN] d. Zheng,4-6 6-3 7-6(6),,,,,,,,
24‑Sep‑2018,Anning 15K,Clay,R16,994.0,643.0,Zheng d. (4)Ziyue Sun [CHN],6-1 6-1,,,,,,,,
24‑Sep‑2018,Anning 15K,Clay,R32,994.0,1110.0,Zheng d. Yuka Hosoki [JPN],6-1 6-2,,,,,,,,
13‑Aug‑2018,Guiyang $25K,Hard,R16,1169.0,861.0,Chang Liu [CHN] d. (WC)Zheng,7-5 7-6(4),,,,,,,,
13‑Aug‑2018,Guiyang $25K,Hard,R32,1169.0,266.0,(WC)Zheng d. Mai Minokoshi [JPN],7-5 2-6 7-5,,,,,,,,
6‑Aug‑2018,Jinan $60K,Hard,R32,,133.0,Lin Zhu [CHN] d. (WC)Zheng,6-0 6-1,,,,,,,,
2‑Apr‑2018,Nanjing $15K,Hard,R32,,710.0,Shuo Feng [CHN] d. Zheng,7-5 6-4,,,,,,,,
26‑Mar‑2018,Nanjing $15K,Hard,QF,,379.0,Xiaodi You [CHN] d. (WC)Zheng,6-4 6-1,,,,,,,,
26‑Mar‑2018,Nanjing $15K,Hard,R16,,533.0,(WC)Zheng d. (7)Qiu Yu Ye [CHN],5-7 7-5 6-3,,,,,,,,
26‑Mar‑2018,Nanjing $15K,Hard,R32,,574.0,(WC)Zheng d. Wushuang Zheng [CHN],6-2 4-6 6-2,,,,,,,,
12‑Feb‑2018,Sharm El Sheikh $15K,Hard,R16,,473.0,(5)Anastasia Pribylova [RUS] d. (Q)Zheng,6-4 6-4,,,,,,,,
12‑Feb‑2018,Sharm El Sheikh $15K,Hard,R32,,571.0,(Q)Zheng d. Bojana Marinkovic [SRB],6-0 6-2,,,,,,,,
,,,,,,,,,,,,,,,
